<?xml version="1.0" encoding="UTF-8"?>
<project-private xmlns="http://www.netbeans.org/ns/project-private/1">
    <editor-bookmarks xmlns="http://www.netbeans.org/ns/editor-bookmarks/2" lastBookmarkId="0"/>
    <open-files xmlns="http://www.netbeans.org/ns/projectui-open-files/2">
        <group>
            <file>file:/C:/Users/josne/OneDrive/Documentos/NetBeansProjects/J3StudiosVentas/src/club/j3studios/system/control/Ctrl_Usuario.java</file>
            <file>file:/C:/Users/josne/OneDrive/Documentos/NetBeansProjects/J3StudiosVentas/src/club/j3studios/system/model/Cajas.java</file>
            <file>file:/C:/Users/josne/OneDrive/Documentos/NetBeansProjects/J3StudiosVentas/src/club/j3studios/system/control/Ctrl_Cajas.java</file>
            <file>file:/C:/Users/josne/OneDrive/Documentos/NetBeansProjects/J3StudiosVentas/src/club/j3studios/system/b_windows/MainMenu.java</file>
            <file>file:/C:/Users/josne/OneDrive/Documentos/NetBeansProjects/J3StudiosVentas/src/club/j3studios/system/LoginUser.java</file>
            <file>file:/C:/Users/josne/OneDrive/Documentos/NetBeansProjects/J3StudiosVentas/src/club/j3studios/system/model/CabeceraVenta.java</file>
            <file>file:/C:/Users/josne/OneDrive/Documentos/NetBeansProjects/J3StudiosVentas/src/club/j3studios/system/model/Usuario.java</file>
        </group>
    </open-files>
</project-private>
